--
-- PostgreSQL database dump
--

-- Dumped from database version 14.5
-- Dumped by pg_dump version 14.5

-- Started on 2022-08-23 23:43:14

SET statement_timeout = 0;
SET lock_timeout = 0;
SET idle_in_transaction_session_timeout = 0;
SET client_encoding = 'UTF8';
SET standard_conforming_strings = on;
SELECT pg_catalog.set_config('search_path', '', false);
SET check_function_bodies = false;
SET xmloption = content;
SET client_min_messages = warning;
SET row_security = off;

SET default_tablespace = '';

SET default_table_access_method = heap;

--
-- TOC entry 215 (class 1259 OID 16422)
-- Name: Asignaturas; Type: TABLE; Schema: public; Owner: postgres
--

CREATE TABLE public."Asignaturas" (
    "Id" integer NOT NULL,
    "Descripcion" text NOT NULL,
    "CursoId" integer
);


ALTER TABLE public."Asignaturas" OWNER TO postgres;

--
-- TOC entry 214 (class 1259 OID 16421)
-- Name: Asignaturas_Id_seq; Type: SEQUENCE; Schema: public; Owner: postgres
--

ALTER TABLE public."Asignaturas" ALTER COLUMN "Id" ADD GENERATED BY DEFAULT AS IDENTITY (
    SEQUENCE NAME public."Asignaturas_Id_seq"
    START WITH 1
    INCREMENT BY 1
    NO MINVALUE
    NO MAXVALUE
    CACHE 1
);


--
-- TOC entry 211 (class 1259 OID 16401)
-- Name: Colegios; Type: TABLE; Schema: public; Owner: postgres
--

CREATE TABLE public."Colegios" (
    "Id" integer NOT NULL,
    "Descripcion" text NOT NULL
);


ALTER TABLE public."Colegios" OWNER TO postgres;

--
-- TOC entry 210 (class 1259 OID 16400)
-- Name: Colegios_Id_seq; Type: SEQUENCE; Schema: public; Owner: postgres
--

ALTER TABLE public."Colegios" ALTER COLUMN "Id" ADD GENERATED BY DEFAULT AS IDENTITY (
    SEQUENCE NAME public."Colegios_Id_seq"
    START WITH 1
    INCREMENT BY 1
    NO MINVALUE
    NO MAXVALUE
    CACHE 1
);


--
-- TOC entry 213 (class 1259 OID 16409)
-- Name: Cursos; Type: TABLE; Schema: public; Owner: postgres
--

CREATE TABLE public."Cursos" (
    "Id" integer NOT NULL,
    "Descripcion" text NOT NULL,
    "ColegioId" integer
);


ALTER TABLE public."Cursos" OWNER TO postgres;

--
-- TOC entry 212 (class 1259 OID 16408)
-- Name: Cursos_Id_seq; Type: SEQUENCE; Schema: public; Owner: postgres
--

ALTER TABLE public."Cursos" ALTER COLUMN "Id" ADD GENERATED BY DEFAULT AS IDENTITY (
    SEQUENCE NAME public."Cursos_Id_seq"
    START WITH 1
    INCREMENT BY 1
    NO MINVALUE
    NO MAXVALUE
    CACHE 1
);


--
-- TOC entry 209 (class 1259 OID 16395)
-- Name: __EFMigrationsHistory; Type: TABLE; Schema: public; Owner: postgres
--

CREATE TABLE public."__EFMigrationsHistory" (
    "MigrationId" character varying(150) NOT NULL,
    "ProductVersion" character varying(32) NOT NULL
);


ALTER TABLE public."__EFMigrationsHistory" OWNER TO postgres;

--
-- TOC entry 3335 (class 0 OID 16422)
-- Dependencies: 215
-- Data for Name: Asignaturas; Type: TABLE DATA; Schema: public; Owner: postgres
--

COPY public."Asignaturas" ("Id", "Descripcion", "CursoId") FROM stdin;
1	Matematica	1
2	Lenguaje	1
3	Matematica	2
4	Lenguaje	2
5	Ingles	2
6	Matematica	3
7	Lenguaje	4
8	Matematica	4
9	Lenguaje	4
10	Ciencia	4
\.


--
-- TOC entry 3331 (class 0 OID 16401)
-- Dependencies: 211
-- Data for Name: Colegios; Type: TABLE DATA; Schema: public; Owner: postgres
--

COPY public."Colegios" ("Id", "Descripcion") FROM stdin;
1	Juan Pastor
2	Los Trigales
3	Institucion Academica
\.


--
-- TOC entry 3333 (class 0 OID 16409)
-- Dependencies: 213
-- Data for Name: Cursos; Type: TABLE DATA; Schema: public; Owner: postgres
--

COPY public."Cursos" ("Id", "Descripcion", "ColegioId") FROM stdin;
1	Basico	1
2	Primaria	1
3	Basico	2
4	Primaria	2
\.


--
-- TOC entry 3329 (class 0 OID 16395)
-- Dependencies: 209
-- Data for Name: __EFMigrationsHistory; Type: TABLE DATA; Schema: public; Owner: postgres
--

COPY public."__EFMigrationsHistory" ("MigrationId", "ProductVersion") FROM stdin;
20220824014858_CreacionDB	6.0.8
\.


--
-- TOC entry 3341 (class 0 OID 0)
-- Dependencies: 214
-- Name: Asignaturas_Id_seq; Type: SEQUENCE SET; Schema: public; Owner: postgres
--

SELECT pg_catalog.setval('public."Asignaturas_Id_seq"', 10, true);


--
-- TOC entry 3342 (class 0 OID 0)
-- Dependencies: 210
-- Name: Colegios_Id_seq; Type: SEQUENCE SET; Schema: public; Owner: postgres
--

SELECT pg_catalog.setval('public."Colegios_Id_seq"', 3, true);


--
-- TOC entry 3343 (class 0 OID 0)
-- Dependencies: 212
-- Name: Cursos_Id_seq; Type: SEQUENCE SET; Schema: public; Owner: postgres
--

SELECT pg_catalog.setval('public."Cursos_Id_seq"', 4, true);


--
-- TOC entry 3187 (class 2606 OID 16428)
-- Name: Asignaturas PK_Asignaturas; Type: CONSTRAINT; Schema: public; Owner: postgres
--

ALTER TABLE ONLY public."Asignaturas"
    ADD CONSTRAINT "PK_Asignaturas" PRIMARY KEY ("Id");


--
-- TOC entry 3181 (class 2606 OID 16407)
-- Name: Colegios PK_Colegios; Type: CONSTRAINT; Schema: public; Owner: postgres
--

ALTER TABLE ONLY public."Colegios"
    ADD CONSTRAINT "PK_Colegios" PRIMARY KEY ("Id");


--
-- TOC entry 3184 (class 2606 OID 16415)
-- Name: Cursos PK_Cursos; Type: CONSTRAINT; Schema: public; Owner: postgres
--

ALTER TABLE ONLY public."Cursos"
    ADD CONSTRAINT "PK_Cursos" PRIMARY KEY ("Id");


--
-- TOC entry 3179 (class 2606 OID 16399)
-- Name: __EFMigrationsHistory PK___EFMigrationsHistory; Type: CONSTRAINT; Schema: public; Owner: postgres
--

ALTER TABLE ONLY public."__EFMigrationsHistory"
    ADD CONSTRAINT "PK___EFMigrationsHistory" PRIMARY KEY ("MigrationId");


--
-- TOC entry 3185 (class 1259 OID 16434)
-- Name: IX_Asignaturas_CursoId; Type: INDEX; Schema: public; Owner: postgres
--

CREATE INDEX "IX_Asignaturas_CursoId" ON public."Asignaturas" USING btree ("CursoId");


--
-- TOC entry 3182 (class 1259 OID 16435)
-- Name: IX_Cursos_ColegioId; Type: INDEX; Schema: public; Owner: postgres
--

CREATE INDEX "IX_Cursos_ColegioId" ON public."Cursos" USING btree ("ColegioId");


--
-- TOC entry 3189 (class 2606 OID 16429)
-- Name: Asignaturas FK_Asignaturas_Cursos_CursoId; Type: FK CONSTRAINT; Schema: public; Owner: postgres
--

ALTER TABLE ONLY public."Asignaturas"
    ADD CONSTRAINT "FK_Asignaturas_Cursos_CursoId" FOREIGN KEY ("CursoId") REFERENCES public."Cursos"("Id");


--
-- TOC entry 3188 (class 2606 OID 16416)
-- Name: Cursos FK_Cursos_Colegios_ColegioId; Type: FK CONSTRAINT; Schema: public; Owner: postgres
--

ALTER TABLE ONLY public."Cursos"
    ADD CONSTRAINT "FK_Cursos_Colegios_ColegioId" FOREIGN KEY ("ColegioId") REFERENCES public."Colegios"("Id");


-- Completed on 2022-08-23 23:43:14

--
-- PostgreSQL database dump complete
--

